ID,Width,Height,Path
1,1024,2048,Resources\Images\Icons\general_icons.dds
2,1920,1920,Resources\Images\sprites\alpha_sprites.dds
3,1920,1920,Resources\Images\sprites\add_sprites.dds
4,48,64,Resources\Images\mapchips\gimmicks\goal_flag.bmp
5,256,256,Resources\Images\icons\entity_icons.dds
6,512,512,resources\images\block\bs_dirt.dds
7,512,512,resources\images\block\bs_brick.dds
8,512,512,resources\images\block\bs_format.dds
9,1024,1024,resources\images\sprites\player_sprite_standard_pico.png
10,48,64,resources\Images\mapchips\gimmicks\goal_flag.bmp
11,4960,4960,resources\Images\sprites\slash_sprite_cartoon_effects.png
12,576,324,resources\images\backgrounds\craftpix-net-322807-free-city-backgrounds-pixel-art\city_1\1.png
13,576,324,resources\images\backgrounds\craftpix-net-322807-free-city-backgrounds-pixel-art\city_1\2.png
14,576,324,resources\images\backgrounds\craftpix-net-322807-free-city-backgrounds-pixel-art\city_1\3.png
15,576,324,resources\images\backgrounds\craftpix-net-322807-free-city-backgrounds-pixel-art\city_1\4.png
16,576,324,resources\images\backgrounds\craftpix-net-322807-free-city-backgrounds-pixel-art\city_1\5.png
17,576,324,resources\images\backgrounds\craftpix-net-322807-free-city-backgrounds-pixel-art\city_2\1.png
18,576,324,resources\images\backgrounds\craftpix-net-322807-free-city-backgrounds-pixel-art\city_2\2.png
19,576,324,resources\images\backgrounds\craftpix-net-322807-free-city-backgrounds-pixel-art\city_2\3.png
20,576,324,resources\images\backgrounds\craftpix-net-322807-free-city-backgrounds-pixel-art\city_2\4.png
21,576,324,resources\images\backgrounds\craftpix-net-322807-free-city-backgrounds-pixel-art\city_2\5.png
22,576,324,resources\images\backgrounds\craftpix-net-322807-free-city-backgrounds-pixel-art\city_2\6.png
23,576,324,resources\images\backgrounds\craftpix-net-322807-free-city-backgrounds-pixel-art\city_3\1.png
24,576,324,resources\images\backgrounds\craftpix-net-322807-free-city-backgrounds-pixel-art\city_3\2.png
25,576,324,resources\images\backgrounds\craftpix-net-322807-free-city-backgrounds-pixel-art\city_3\3.png
26,576,324,resources\images\backgrounds\craftpix-net-322807-free-city-backgrounds-pixel-art\city_3\4.png
27,576,324,resources\images\backgrounds\craftpix-net-322807-free-city-backgrounds-pixel-art\city_3\5.png
28,576,324,resources\images\backgrounds\craftpix-net-322807-free-city-backgrounds-pixel-art\city_4\1.png
29,576,324,resources\images\backgrounds\craftpix-net-322807-free-city-backgrounds-pixel-art\city_4\2.png
30,576,324,resources\images\backgrounds\craftpix-net-322807-free-city-backgrounds-pixel-art\city_4\3.png
31,576,324,resources\images\backgrounds\craftpix-net-322807-free-city-backgrounds-pixel-art\city_4\4.png
32,576,324,resources\images\backgrounds\craftpix-net-322807-free-city-backgrounds-pixel-art\city_4\5.png
33,576,324,resources\images\backgrounds\craftpix-net-322807-free-city-backgrounds-pixel-art\city_4\6.png
34,576,324,resources\images\backgrounds\craftpix-net-322807-free-city-backgrounds-pixel-art\city_5\1.png
35,576,324,resources\images\backgrounds\craftpix-net-322807-free-city-backgrounds-pixel-art\city_5\2.png
36,576,324,resources\images\backgrounds\craftpix-net-322807-free-city-backgrounds-pixel-art\city_5\3.png
37,576,324,resources\images\backgrounds\craftpix-net-322807-free-city-backgrounds-pixel-art\city_5\4.png
38,576,324,resources\images\backgrounds\craftpix-net-322807-free-city-backgrounds-pixel-art\city_5\5.png
39,576,324,resources\images\backgrounds\craftpix-net-322807-free-city-backgrounds-pixel-art\city_6\1.png
40,576,324,resources\images\backgrounds\craftpix-net-322807-free-city-backgrounds-pixel-art\city_6\2.png
41,576,324,resources\images\backgrounds\craftpix-net-322807-free-city-backgrounds-pixel-art\city_6\3.png
42,576,324,resources\images\backgrounds\craftpix-net-322807-free-city-backgrounds-pixel-art\city_6\4.png
43,576,324,resources\images\backgrounds\craftpix-net-322807-free-city-backgrounds-pixel-art\city_6\5.png
44,576,324,resources\images\backgrounds\craftpix-net-322807-free-city-backgrounds-pixel-art\city_6\6.png
45,576,324,resources\images\backgrounds\craftpix-net-322807-free-city-backgrounds-pixel-art\city_7\1.png
46,576,324,resources\images\backgrounds\craftpix-net-322807-free-city-backgrounds-pixel-art\city_7\2.png
47,576,324,resources\images\backgrounds\craftpix-net-322807-free-city-backgrounds-pixel-art\city_7\3.png
48,576,324,resources\images\backgrounds\craftpix-net-322807-free-city-backgrounds-pixel-art\city_7\4.png
49,576,324,resources\images\backgrounds\craftpix-net-322807-free-city-backgrounds-pixel-art\city_7\5.png
50,576,324,resources\images\backgrounds\craftpix-net-322807-free-city-backgrounds-pixel-art\city_8\1.png
51,576,324,resources\images\backgrounds\craftpix-net-322807-free-city-backgrounds-pixel-art\city_8\2.png
52,576,324,resources\images\backgrounds\craftpix-net-322807-free-city-backgrounds-pixel-art\city_8\3.png
53,576,324,resources\images\backgrounds\craftpix-net-322807-free-city-backgrounds-pixel-art\city_8\4.png
54,576,324,resources\images\backgrounds\craftpix-net-322807-free-city-backgrounds-pixel-art\city_8\5.png
55,384,240,resources\images\backgrounds\bg_1_1.png
56,160,208,resources\images\backgrounds\bg_1_2.bmp
57,320,208,resources\images\backgrounds\bg_1_3.png
58,192,240,resources\images\backgrounds\bg_2_1.png
59,384,240,resources\images\backgrounds\bg_2_2.png
60,5164,2905,resources\images\backgrounds\bg_3_1.png
61,5164,2905,resources\images\backgrounds\bg_3_2.png
62,5164,2905,resources\images\backgrounds\bg_3_3.png
63,240,288,resources\images\sprites\enemy_sprite_1.png
64,168,48,resources\images\sprites\enemy_sprite_2.png
65,72,72,resources\images\icons\music-note@3x.png
66,32,32,resources\images\icons\icon_slope_block_2.dds
67,160,90,resources\images\backgrounds\bg_white.png
